{"loss": [0.011933534406125546, 0.00382399233058095, 0.0033520949073135853, 0.002759859897196293, 0.0029019019566476345, 0.0022452056873589754, 0.002478766953572631, 0.002125880680978298, 0.002063507679849863, 0.0019399257143959403, 0.0019983339589089155, 0.0019020064501091838, 0.0017100238474085927, 0.0017877721693366766, 0.0016793953254818916, 0.001604526536539197, 0.0015732411993667483, 0.001609413418918848, 0.001478997291997075, 0.0015172085259109735, 0.0014259108575060964, 0.0014893636107444763, 0.0013718957779929042, 0.001433381694369018, 0.0013437962625175714], "mean_absolute_error": [0.06304816901683807, 0.03499963507056236, 0.03225471451878548, 0.028623802587389946, 0.030930953100323677, 0.026795165613293648, 0.02806425280869007, 0.02648989111185074, 0.02607708051800728, 0.02530370093882084, 0.026256095618009567, 0.026206644251942635, 0.024511439725756645, 0.024545708671212196, 0.023848041892051697, 0.02390182763338089, 0.02425171248614788, 0.023443907499313354, 0.02312418259680271, 0.023844698444008827, 0.023478947579860687, 0.023988943547010422, 0.022586723789572716, 0.02382812649011612, 0.022482436150312424], "val_loss": [0.020313117653131485, 0.018041061237454414, 0.014805384911596775, 0.013937955722212791, 0.012448268942534924, 0.011371615342795849, 0.011730330064892769, 0.010067597962915897, 0.009314971044659615, 0.008883963339030743, 0.00960229616612196, 0.008107953704893589, 0.008435975760221481, 0.007788030430674553, 0.007361636962741613, 0.00903977919369936, 0.007057282142341137, 0.007328815292567015, 0.00696585513651371, 0.006790080573409796, 0.006723945494741201, 0.006992695853114128, 0.00652723154053092, 0.007094938308000565, 0.007256130687892437], "val_mean_absolute_error": [0.100663922727108, 0.09444138407707214, 0.0842355266213417, 0.08343994617462158, 0.07671698927879333, 0.07352588325738907, 0.07614020258188248, 0.06866049766540527, 0.06640647351741791, 0.0644565299153328, 0.06983980536460876, 0.06125709041953087, 0.06348983198404312, 0.06024942919611931, 0.058153778314590454, 0.0673338919878006, 0.05689860135316849, 0.05868353322148323, 0.05658400058746338, 0.05591988191008568, 0.055451780557632446, 0.0569787472486496, 0.053841471672058105, 0.057907599955797195, 0.058754321187734604]}